Campaign name,Channel,Country,Reporting period,Amount spent (EUR),Impressions,Reach,Frequency,Link clicks,Landing page views,Subscriptions,, 
Always On Prospecting,Meta Ads,BR,2025-01-01 - 2025-01-31,"1470,05",302376,218879,"1,38",4089,3237,198,,
Always On Prospecting,Meta Ads,BR,2025-02-01 - 2025-02-28,"1689,33",387331,260555,"1,49",5434,4130,258,,
,,,,,,,,,,,,
Always On Prospecting,Meta Ads,BR,2025-03-01 - 2025-03-31,"2034,87",437840,297424,"1,47",6490,5145,331,,
Always On Prospecting,Meta Ads,BR,2025-04-01 - 2025-04-30,"1836,31",426053,266717,"1,60",5566,4472,304,,
Always On Prospecting,Meta Ads,BR,2025-05-01 - 2025-05-31,"2134,18",383178,252951,"1,51",5730,4361,267,,
Always On Prospecting,Meta Ads,BR,2025-06-01 - 2025-06-30,"1809,22",391442,278068,"1,41",5509,4348,250,,
Always On Prospecting,Meta Ads,BR,2025-07-01 - 2025-07-31,"1773,64",427515,294208,"1,45",5666,4320,238,,
Always On Prospecting,Meta Ads,BR,2025-08-01 - 2025-08-31,"2106,93",361257,216816,"1,67",4784,3758,247,,
Always On Prospecting,Meta Ads,BR,2025-09-01 - 2025-09-30,"2016,25",360881,247772,"1,46",4745,3668,202,,
Always On Prospecting,Meta Ads,BR,2025-10-01 - 2025-10-31,"1704,75",379379,261414,"1,45",5140,3982,199,,
Always On Prospecting,Meta Ads,BR,2025-11-01 - 2025-11-30,"2057,02",396422,263074,"1,51",5412,4177,266,,
Always On Prospecting,Meta Ads,BR,2025-12-01 - 2025-12-31,"1733,01",395459,252224,"1,57",5777,4486,261,,
Always On Prospecting,Meta Ads,BR,2026-01-01 - 2026-01-31,"1964,12",373474,254087,"1,47",5064,3858,223,,
Always On Prospecting,Meta Ads,BR,2026-02-01 - 2026-02-28,"2259,82",433827,275526,"1,57",6237,4824,295,,
Always On Prospecting,Meta Ads,BR,2026-03-01 - 2026-03-31,"1901,23",376430,256589,"1,47",5001,3940,269,,
Always On Prospecting,Meta Ads,BR,2026-04-01 - 2026-04-30,"2771,10",641423,450180,"1,42",9117,7045,395,,
Always On Prospecting,Meta Ads,BR,2026-05-01 - 2026-05-31,"2353,07",450067,296242,"1,52",5602,4448,286,,
Always On Prospecting,Meta Ads,BR,2026-06-01 - 2026-06-30,"3283,04",693871,485727,"1,43",9026,7332,408,,
Lookalike Expansion,Meta Ads,BR,2025-04-01 - 2025-04-30,"1120,45",211609,122772,"1,72",2883,2168,124,,
