email,event_ts,event_type,plan_from,plan_to,mrr_before_eur,mrr_after_eur
user000057@example.test,2025-01-01 08:05:46,signup,,free,"0,00","0,00"
user000050@example.test,2025-01-01 08:17:54,signup,,free,"0,00","0,00"
User000030@Example.test,2025-01-01 08:18:06,signup,,free,"0,00","0,00"
user000024@example.test,2025-01-01 09:00:55,signup,,free,"0,00","0,00"
user000053@example.test,2025-01-01 09:01:24,signup,,free,"0,00","0,00"
User000063@Example.test,2025-01-01 09:07:31,signup,,free,"0,00","0,00"
User000061@Example.test,2025-01-01 09:24:14,signup,,free,"0,00","0,00"
user000054@example.test,2025-01-01 09:31:25,signup,,free,"0,00","0,00"
user000026@example.test,2025-01-01 09:56:11,signup,,free,"0,00","0,00"
User000029@Example.test,2025-01-01 09:57:21,signup,,free,"0,00","0,00"
user000059@example.test,2025-01-01 10:03:45,signup,,free,"0,00","0,00"
user000003@example.test,2025-01-01 10:14:21,signup,,free,"0,00","0,00"
User000009@Example.test,2025-01-01 10:33:20,signup,,free,"0,00","0,00"
user000070@example.test,2025-01-01 10:37:55,signup,,free,"0,00","0,00"
user000064@example.test,2025-01-01 10:58:22,signup,,free,"0,00","0,00"
user000035@example.test,2025-01-01 11:03:32,signup,,free,"0,00","0,00"
user000034@example.test,2025-01-01 11:14:27,signup,,free,"0,00","0,00"
user000040@example.test,2025-01-01 11:49:18,signup,,free,"0,00","0,00"
user000008@example.test,2025-01-01 12:00:34,signup,,free,"0,00","0,00"
user000005@example.test,2025-01-01 12:03:36,signup,,free,"0,00","0,00"
