email,usage_date,assets_inserted,
user068760@example.test,2026-06-29,2,
user003351@example.test,2025-06-29,6,
user004549@example.test,2025-03-23,1,
user017473@example.test,2025-08-07,11,
user046794@example.test,2026-02-01,2,
user058683@example.test,2026-04-17,1,
user050361@example.test,2026-03-10,50,
user033970@example.test,2026-01-22,4,
User009070@Example.test,2025-08-19,9,
user027244@example.test,2026-04-30,21,
user037519@example.test,2025-11-21,17,
user000085@example.test,2025-02-06,8,
user053861@example.test,2026-03-31,1,
user023656@example.test,2026-04-04,6,
User056840@Example.test,2026-04-14,9,
User048576@Example.test,2026-06-08,13,
user021278@example.test,2026-02-07,4,
user027558@example.test,2025-10-07,5,
User036958@Example.test,2026-02-19,4,
user049474@example.test,2026-04-16,4,
