email,signup_date,country,acquisition_source,plan,
User000001@Example.test,2025-01-01,AR,organic_search,free,
user000002@example.test,2025-01-01,AR,organic_search,free,
user000003@example.test,2025-01-01,AR,organic_search,free,
User000004@Example.test,2025-01-01,AR,paid_social,free,
user000005@example.test,2025-01-01,AR,paid_social,free,
User000006@Example.test,2025-01-01,BR,direct,free,
user000007@example.test,2025-01-01,BR,organic_search,free,
user000008@example.test,2025-01-01,BR,organic_search,free,
User000009@Example.test,2025-01-01,BR,organic_search,free,
user000010@example.test,2025-01-01,BR,organic_search,free,
user000011@example.test,2025-01-01,BR,organic_search,free,
user000012@example.test,2025-01-01,BR,organic_search,free,
user000013@example.test,2025-01-01,BR,organic_search,free,
User000014@Example.test,2025-01-01,BR,organic_search,free,
user000015@example.test,2025-01-01,BR,organic_search,free,
user000016@example.test,2025-01-01,BR,paid_search,free,
user000017@example.test,2025-01-01,BR,paid_social,free,
user000018@example.test,2025-01-01,BR,paid_social,free,
user000019@example.test,2025-01-01,BR,paid_social,free,
user000020@example.test,2025-01-01,br,paid_social,free,
